x,y,CNTR_ID,dlt,tcd
0,0,IE,,21
0,1,IE,,17
0,2,IE,,17
0,3,IE,,21
0,4,IE,,55
0,5,IE,,4
0,8,IE,,23
0,12,IE,,7
0,13,IE,,14
0,14,IE,,8
0,15,IE,,9
0,16,IE,,13
0,17,IE,,14
0,18,IE,,28
0,19,IE,,48
0,20,IE,,14
0,21,IE,,11
1,0,IE,1,21
1,1,IE,,21
1,2,IE,,6
1,3,IE,,5
1,4,IE,,7
1,5,IE,,3
1,6,IE,,12
1,7,IE,,17
1,8,IE,,17
1,9,IE,,42
1,10,IE,,10
1,11,IE,,29
1,12,IE,,42
1,13,IE,,5
1,14,IE,,3
1,15,IE,,3
1,16,IE,,19
1,17,IE,,14
1,19,IE,,17
1,21,IE,,6
1,22,IE,,3
1,25,IE,,20
2,0,IE,,8
2,1,IE,,20
2,3,IE,,7
2,4,IE,,19
2,5,IE,,7
2,6,IE,,29
2,7,IE,,1
2,10,IE,,3
2,19,IE,,26
2,21,IE,,6
2,22,IE,,8
3,3,IE,,1
3,4,IE,,3
3,7,IE,,7
3,8,IE,,6
3,18,IE,,8
3,19,IE,,6
3,20,IE,,53
3,21,IE,,9
3,23,IE,,15
3,24,IE,,11
3,25,IE,,78
4,1,IE,,27
4,5,IE,,13
4,6,IE,,39
4,7,IE,,10
4,8,IE,,8
4,10,IE,,5
4,11,IE,,21
4,12,IE,,9
4,13,IE,,17
4,18,IE,,12
4,19,IE,,8
4,20,IE,1,28
4,21,IE,,4
4,23,IE,,51
4,24,IE,,15
4,25,IE,,66
5,1,IE,,1
5,3,IE,,4
5,4,IE,,10
5,6,IE,,25
5,7,IE,,1
5,15,IE,,13
5,17,IE,,2
5,18,IE,,10
5,23,IE,,1
5,24,IE,,14
6,0,IE,,22
6,1,IE,,4
6,3,IE,,3
6,4,IE,,8
6,6,IE,1,2
6,8,IE,,21
6,10,IE,,34
6,15,IE,,11
6,17,IE,,1
6,18,IE,,8
6,20,IE,,9
6,21,IE,,2
7,0,IE,,12
7,1,IE,,34
7,4,IE,,9
7,5,IE,,21
7,6,IE,,20
7,7,IE,,13
7,9,IE,,15
7,10,IE,,8
7,14,IE,,18
8,0,IE,,6
8,2,IE,,21
8,3,IE,,9
8,4,IE,,5
8,5,IE,,18
8,6,IE,,5
8,7,IE,,6
8,8,IE,,30
8,9,IE,,7
8,10,IE,,39
8,14,IE,,9
8,17,IE,,4
9,0,IE,,19
9,3,IE,,22
9,5,IE,,24
9,6,IE,,16
9,7,IE,,24
9,9,IE,1,15
9,10,IE,,30
9,17,IE,,24
10,3,IE,,6
10,5,IE,,4
10,6,IE,,35
10,7,IE,,52
10,10,IE,,28
10,11,IE,,6
10,12,IE,,2
10,17,IE,,3
11,2,IE,,24
11,3,IE,,10
11,5,IE,,51
11,6,IE,,62
11,7,IE,,2
11,11,IE,,11
11,12,IE,,20
11,13,IE,,24
11,14,IE,,3
12,1,IE,,5
12,2,IE,1,29
12,3,IE,,1
12,5,IE,,4
12,6,IE,,4
12,11,IE,,20
12,12,IE,,17
12,14,IE,,24
12,15,IE,,10
12,16,IE,,10
12,19,IE,,2
12,20,IE,,44
13,1,IE,,27
13,2,IE,,1
13,4,IE,,19
13,5,IE,,4
13,7,IE,,20
13,8,IE,,17
13,9,IE,,1
13,10,IE,,13
13,14,IE,,26
13,15,IE,,11
13,16,IE,,11
13,21,IE,,70
14,1,IE,,5
14,2,IE,,29
14,5,IE,,16
14,7,IE,,80
14,8,IE,,26
14,9,IE,,21
14,10,IE,,12
15,2,IE,,3
15,3,IE,,41
15,5,IE,,16
15,6,IE,,6
15,7,IE,,37
15,8,IE,,14
15,9,IE,,40
15,10,IE,,41
15,11,IE,,28
15,16,IE,,19
15,17,IE,,50
16,1,IE,,19
16,2,IE,,14
16,3,IE,,25
16,5,IE,,28
16,6,IE,,27
16,7,IE,,1
16,8,IE,,56
16,10,IE,,5
16,11,IE,,18
16,17,IE,,4
16,18,IE,,24
16,20,IE,,64
17,0,IE,,5
17,1,IE,,10
17,8,IE,,10
17,9,IE,,16
17,15,IE,,37
17,17,IE,,9
17,18,IE,,31
18,0,IE,,11
18,1,IE,,8
18,5,IE,,9
18,6,IE,,13
18,8,IE,,36
18,9,IE,,21
18,15,IE,,25
18,17,IE,,31
19,0,IE,,47
19,1,IE,,14
19,5,IE,,1
19,6,IE,,14
19,7,IE,,1
19,8,IE,,6
19,9,IE,,24
19,10,IE,,13
19,15,IE,,2
19,17,IE,,24
20,6,IE,,16
20,7,IE,,1
20,8,IE,,22
20,9,IE,,16
20,10,IE,,9
20,15,IE,,21
20,17,IE,,9
21,0,IE,,8
21,1,IE,,10
21,2,IE,,25
21,5,IE,,16
21,6,IE,,24
21,10,IE,,33
21,11,IE,,27
21,13,IE,,30
21,17,IE,,8
22,0,IE,,7
22,1,IE,,8
22,3,IE,,11
22,4,IE,,29
22,10,IE,,11
22,11,IE,,28
22,12,IE,,21
22,14,IE,,5
22,15,IE,,1
23,0,IE,,15
23,1,IE,,39
23,8,IE,,14
23,10,IE,,32
23,11,IE,,14
23,12,IE,,4
23,14,IE,,42
23,15,IE,,35
24,0,IE,,7
24,1,IE,,5
24,3,IE,,11
24,4,IE,,16
24,7,IE,,6
24,8,IE,,7
24,11,IE,,12
24,12,IE,,4
24,13,IE,,7
24,14,IE,,1
24,15,IE,,11
24,16,IE,,14
25,3,IE,,16
25,7,IE,,21
25,8,IE,,19
25,9,IE,,11
25,10,IE,,32
25,11,IE,2,18
25,12,IE,2,5
25,13,IE,,22
25,14,IE,,3
25,16,IE,,96
25,21,IE,,93
26,5,IE,,8
26,6,IE,,12
26,8,IE,,38
26,9,IE,,21
26,10,IE,,18
26,11,IE,,7
26,12,IE,,2
26,16,IE,,12
26,17,IE,,48
26,20,IE,,76
26,39,IE,,37
27,0,IE,,20
27,1,IE,,15
27,7,IE,,33
27,8,IE,,15
27,11,IE,,11
27,12,IE,,3
27,15,IE,,36
27,20,IE,,20
27,21,IE,,4
28,0,IE,,2
28,1,IE,,1
28,3,IE,,24
28,7,IE,,28
28,8,IE,,1
28,9,IE,,33
28,10,IE,,30
28,11,IE,,10
28,12,IE,,16
28,15,IE,,26
28,16,IE,,12
28,18,IE,,6
28,19,IE,,2
28,20,IE,,2
28,38,IE,,5
28,41,IE,,5
28,42,IE,,34
29,0,IE,,14
29,1,IE,,9
29,6,IE,,1
29,8,IE,,1
29,9,IE,,11
29,10,IE,,24
29,11,IE,,60
29,12,IE,,70
29,13,IE,,19
29,16,IE,,13
29,18,IE,,1
29,19,IE,,2
29,21,IE,,12
29,22,IE,,17
29,23,IE,,84
29,37,IE,,1
29,38,IE,,24
29,39,IE,,1
30,6,IE,,28
30,7,IE,1,1
30,9,IE,,22
30,10,IE,,12
30,11,IE,,37
30,12,IE,,11
30,14,IE,,15
30,17,IE,,4
30,18,IE,,39
30,19,IE,,36
30,20,IE,,13
30,21,IE,,22
30,22,IE,,30
30,23,IE,,52
30,37,IE,,11
30,38,IE,,16
30,43,IE,,77
31,0,IE,,56
31,1,IE,,18
31,4,IE,,4
31,5,IE,,1
31,6,IE,,6
31,8,IE,,27
31,10,IE,,5
31,11,IE,,10
31,12,IE,,28
31,13,IE,,27
31,14,IE,,61
31,15,IE,,19
31,16,IE,1,31
31,17,IE,,3
31,18,IE,,11
31,19,IE,,4
31,20,IE,,8
31,21,IE,,6
31,22,IE,,7
31,35,IE,,52
32,0,IE,,63
32,1,IE,,35
32,3,IE,,18
32,4,IE,,19
32,5,IE,,4
32,6,IE,,28
32,7,IE,,31
32,8,IE,,20
32,9,IE,,24
32,10,IE,,21
32,11,IE,,31
32,12,IE,,9
32,14,IE,,26
32,16,IE,,17
32,17,IE,1,12
32,24,IE,,100
32,35,IE,,22
32,41,IE,,11
32,42,IE,,6
33,0,IE,,33
33,1,IE,,38
33,3,IE,,13
33,4,IE,,22
33,5,IE,,4
33,6,IE,,16
33,7,IE,,16
33,8,IE,,11
33,9,IE,,16
33,10,IE,,4
33,11,IE,,32
33,12,IE,,10
33,14,IE,,56
33,15,IE,,4
33,16,IE,,18
33,17,IE,,14
33,18,IE,,7
33,21,IE,,9
33,23,IE,,51
33,24,IE,,7
33,25,IE,,43
33,35,IE,,47
33,37,IE,,3
33,38,IE,,5
33,40,IE,,9
33,41,IE,,24
33,42,IE,,13
34,1,IE,,46
34,4,IE,,32
34,5,IE,,14
34,6,IE,,37
34,7,IE,,22
34,8,IE,,22
34,9,IE,,47
34,10,IE,,10
34,11,IE,,11
34,12,IE,,12
34,13,IE,1,18
34,14,IE,,69
34,15,IE,,25
34,17,IE,,29
34,18,IE,,16
34,21,IE,,31
34,22,IE,,38
34,23,IE,,33
34,24,IE,,10
34,25,IE,,59
34,35,IE,,69
34,37,IE,,45
34,38,IE,,25
34,40,IE,,47
35,0,IE,2,38
35,1,IE,,16
35,3,IE,,47
35,4,IE,,22
35,5,IE,,15
35,6,IE,,32
35,8,IE,,11
35,9,IE,,72
35,10,IE,,30
35,11,IE,,21
35,12,IE,,27
35,13,IE,1,19
35,14,IE,,32
35,15,IE,,3
35,16,IE,,21
35,17,IE,,8
35,22,IE,,6
35,23,IE,,12
35,24,IE,,37
35,34,IE,,22
35,35,IE,,8
35,40,IE,,32
35,43,IE,,81
36,0,IE,,27
36,1,IE,1,24
36,7,IE,2,48
36,8,IE,,8
36,9,IE,1,37
36,10,IE,,71
36,11,IE,,28
36,12,IE,,24
36,15,IE,,1
36,16,IE,,55
36,17,IE,,6
36,23,IE,,16
36,32,IE,,96
36,36,IE,,22
36,37,IE,,4
36,46,IE,,78
37,1,IE,,8
37,2,IE,2,72
37,3,IE,,29
37,4,IE,,15
37,5,IE,,12
37,6,IE,,13
37,7,IE,,26
37,8,IE,,12
37,9,IE,,11
37,10,IE,,13
37,11,IE,,64
37,12,IE,,33
37,13,IE,1,11
37,14,IE,,10
37,15,IE,,12
37,16,IE,,10
37,17,IE,,10
37,18,IE,,31
37,19,IE,,11
37,20,IE,,19
37,23,IE,,14
37,35,IE,,10
37,36,IE,,52
37,37,IE,,5
37,38,IE,,13
37,39,IE,,1
37,42,IE,,3
37,43,IE,,11
37,45,IE,,1
38,1,IE,,22
38,2,IE,,11
38,3,IE,,39
38,4,IE,,13
38,5,IE,,4
38,6,IE,,38
38,7,IE,,35
38,8,IE,,58
38,9,IE,,30
38,10,IE,,11
38,11,IE,,36
38,12,IE,,21
38,13,IE,,9
38,14,IE,,8
38,15,IE,,14
38,16,IE,,8
38,17,IE,,5
38,18,IE,,9
38,19,IE,,4
38,22,IE,,3
38,23,IE,,18
38,24,IE,,34
38,33,IE,,54
38,35,IE,,34
38,36,IE,,17
38,37,IE,,7
38,38,IE,,46
38,39,IE,,1
38,41,IE,,2
38,42,IE,,4
38,43,IE,,11
38,44,IE,,7
38,45,IE,,12
38,46,IE,,54
38,54,IE,,28
38,55,IE,,71
38,56,IE,,83
39,0,IE,1,24
39,5,IE,,13
39,6,IE,1,59
39,7,IE,,29
39,8,IE,,25
39,9,IE,1,12
39,10,IE,,10
39,11,IE,2,31
39,12,IE,,5
39,13,IE,,17
39,14,IE,,18
39,15,IE,,30
39,22,IE,1,29
39,23,IE,1,59
39,24,IE,,23
39,25,IE,,60
39,34,IE,,14
39,35,IE,,16
39,36,IE,,26
39,38,IE,,14
39,39,IE,,1
39,41,IE,,15
39,42,IE,,8
39,43,IE,,14
39,44,IE,,16
39,45,IE,,24
39,46,IE,,76
39,55,IE,,37
40,0,IE,,36
40,1,IE,,17
40,3,IE,,5
40,4,IE,,14
40,6,IE,,34
40,7,IE,,56
40,8,IE,,29
40,9,IE,,42
40,10,IE,2,11
40,12,IE,,23
40,13,IE,,36
40,14,IE,,19
40,15,IE,,34
40,21,IE,,18
40,22,IE,,27
40,23,IE,,46
40,24,IE,,8
40,26,IE,,42
40,27,IE,,58
40,34,IE,,28
40,35,IE,,50
40,37,IE,,41
40,38,IE,,13
40,39,IE,,1
40,45,IE,,10
40,46,IE,,76
40,50,IE,,53
40,51,IE,,72
41,0,IE,1,17
41,1,IE,,12
41,7,IE,1,17
41,8,IE,2,30
41,9,IE,,16
41,12,IE,,64
41,13,IE,,38
41,15,IE,,24
41,21,IE-UK,,7
41,22,IE-UK,,11
41,23,IE-UK,,33
41,24,IE-UK,,12
41,26,IE,,5
41,27,IE,,17
41,32,IE,,22
41,33,IE,,79
41,35,IE,,24
41,37,IE,,23
41,38,IE,,20
41,39,IE,,1
41,41,IE,,10
41,42,IE,,27
41,44,IE,,15
41,45,IE,,30
41,46,IE,,37
41,49,IE,,33
41,51,IE,,84
41,52,IE,,70
41,53,IE,,14
42,0,IE,,9
42,6,IE,,16
42,7,IE,,22
42,8,IE,,17
42,9,IE,,18
42,10,IE,,5
42,12,IE,,7
42,13,IE,,5
42,14,IE,,43
42,15,IE,,52
42,17,IE,,18
42,18,IE,,41
42,19,IE,,14
42,21,IE-UK,,4
42,22,IE-UK,,7
42,23,IE-UK,,5
42,24,IE-UK,,2
42,25,IE,,26
42,26,IE,,3
42,28,IE,,63
42,35,IE,,19
42,37,IE,,41
42,38,IE,,9
42,41,IE,,2
42,42,IE,,7
42,44,IE,,2
42,45,IE,,12
42,46,IE,,1
42,47,IE,,1
42,48,IE,,20
42,50,IE,,5
42,51,IE,,61
42,52,IE,,17
42,53,IE,,3
42,55,IE,,66
43,0,IE,,42
43,6,IE,,20
43,7,IE,,1
43,8,IE,,26
43,9,IE,2,29
43,12,IE,,31
43,14,IE,,49
43,15,IE,,13
43,16,IE,,41
43,17,IE-UK,,35
43,18,IE-UK,,28
43,19,IE-UK,,7
43,21,IE-UK,,18
43,22,IE-UK,,27
43,25,IE,1,9
43,26,IE,,5
43,35,IE,,23
43,37,IE,,19
43,38,IE,,16
43,39,IE,,1
43,45,IE,2,32
43,46,IE,,2
43,50,IE,,9
43,51,IE,,70
43,56,IE,,9
44,0,IE,,39
44,1,IE,,15
44,5,IE,,31
44,6,IE,,10
44,7,IE,,30
44,8,IE,1,3
44,9,IE,,16
44,12,IE,,17
44,13,IE,1,8
44,15,IE,,41
44,16,IE-UK,,40
44,17,IE-UK,,48
44,18,IE-UK,,58
44,19,IE-UK,,32
44,21,IE-UK,,12
44,22,UK,,1
44,24,IE-UK,,1
44,25,IE-UK,,12
44,26,IE,,7
44,27,IE,,26
44,28,IE,,31
44,29,IE,,20
44,30,IE,,58
44,35,IE,,41
44,36,IE,,33
44,44,IE,,1
44,45,IE,,41
44,46,IE,,36
45,0,IE,,17
45,5,IE,,6
45,7,IE,,16
45,8,IE,2,40
45,9,IE,1,31
45,10,IE,,11
45,11,IE,,44
45,12,IE,,14
45,13,IE,,11
45,14,IE-UK,,3
45,15,IE-UK,1,2
45,17,IE-UK,,12
45,18,IE-UK,,13
45,21,UK,,12
45,22,UK,,1
45,24,IE-UK,,39
45,25,IE-UK,,49
45,30,IE,,7
45,31,IE,,8
45,33,IE,,29
45,34,IE,,19
45,35,IE,,12
45,36,IE,,12
45,37,IE,,9
45,38,IE,,14
45,41,IE,,1
45,42,IE,,2
45,44,IE,,1
45,45,IE,2,39
45,46,IE,,4
45,51,IE,,6
45,52,IE,,17
45,56,IE,,53
45,59,IE,,92
46,0,IE,1,21
46,1,IE,,32
46,2,IE,,14
46,6,IE,,15
46,7,IE,,40
46,8,IE,2,12
46,9,IE,1,43
46,10,IE,1,6
46,11,IE,2,41
46,12,IE-UK,,36
46,13,IE-UK,,47
46,14,IE-UK,,46
46,15,IE-UK,,41
46,17,IE-UK,,3
46,18,UK,,15
46,22,UK,,25
46,23,IE-UK,,1
46,24,IE-UK,,16
46,27,IE,,18
46,28,IE,,11
46,29,IE,,12
46,31,IE,,25
46,32,IE,,11
46,33,IE,,12
46,34,IE,,37
46,35,IE,,4
46,41,IE,,31
46,42,IE,,51
46,44,IE,2,31
47,0,IE,,38
47,1,IE,,49
47,2,IE,,33
47,3,IE,,14
47,5,IE,,1
47,6,IE,,11
47,7,IE-UK,,6
47,8,IE-UK,,6
47,9,IE,,27
47,10,IE,,17
47,11,IE-UK,1,24
47,12,IE-UK,,11
47,14,IE-UK,,30
47,17,UK,,2
47,18,UK,,9
47,19,UK,,6
47,23,IE-UK,,12
47,24,IE-UK,,21
47,26,IE-UK,,1
47,27,IE,,15
47,28,IE,,36
47,29,IE,,7
47,30,IE,,13
47,31,IE,,60
47,32,IE,1,42
47,33,IE,,30
47,34,IE,,7
47,35,IE,,18
47,36,IE,,25
47,37,IE,,1
47,41,IE,,9
47,42,IE,,6
47,44,IE,,13
47,58,IE,,12
47,59,IE,,35
48,1,IE,,25
48,5,IE,,10
48,6,IE,,10
48,9,IE-UK,,9
48,10,IE-UK,,11
48,11,IE-UK,,24
48,14,IE-UK,,23
48,18,UK,,22
48,19,UK,,59
48,23,UK,,11
48,24,UK,,10
48,26,IE-UK,,4
48,27,IE-UK,,16
48,28,IE,2,19
48,29,IE,,20
48,30,IE,,2
48,31,IE,,23
48,34,IE,1,10
48,35,IE,,35
48,36,IE,,15
48,37,IE,,3
48,42,IE,,27
48,46,IE,,27
48,58,IE,,17
48,59,IE,,18
48,60,IE,,5
48,61,IE,,77
49,0,IE,2,8
49,3,IE,,12
49,4,IE,,12
49,10,IE-UK,,2
49,12,IE-UK,,17
49,13,IE-UK,,20
49,18,UK,,30
49,19,UK,,11
49,24,UK,,19
49,28,IE,,12
49,29,IE,,31
49,30,IE,,1
49,31,IE,,8
49,33,IE,,1
49,34,IE,,9
49,35,IE,,28
49,42,IE,,9
49,44,IE,,2
49,45,IE,,4
49,46,IE,,9
50,0,IE,,19
50,1,IE,,31
50,3,IE,,28
50,4,IE,,17
50,12,IE-UK,,15
50,14,UK,2,71
50,16,UK,,34
50,19,UK,,7
50,20,UK,,20
50,24,UK,,10
50,28,IE,,37
50,31,IE,,24
50,32,IE,,31
50,33,IE,,2
50,34,IE,,30
50,35,IE,,7
50,41,IE,,27
50,43,IE,,24
50,44,IE,,11
50,45,IE,,9
50,61,IE,,82
51,0,IE,,12
51,1,IE,,5
51,3,IE,,4
51,4,IE,,10
51,10,UK,,3
51,11,UK,,10
51,12,UK,,9
51,13,UK,2,18
51,14,UK,,19
51,15,UK,,30
51,19,UK,,52
51,20,UK,,48
51,24,IE-UK,,3
51,26,IE-UK,,5
51,27,IE,,30
51,31,IE,,4
51,32,IE,,5
51,34,IE,1,24
51,35,IE,,10
51,41,IE,2,23
51,43,IE,,31
51,44,IE,,7
51,60,IE,,51
52,0,IE,,16
52,2,IE,,21
52,3,IE,,36
52,4,IE,,13
52,5,IE-UK,,23
52,10,UK,,4
52,11,UK,,37
52,12,UK,,7
52,14,UK,,32
52,15,UK,,17
52,17,UK,,43
52,18,UK,,35
52,19,UK,,10
52,20,UK,,52
52,21,UK,,8
52,24,IE-UK,,2
52,25,IE-UK,,19
52,26,IE-UK,,6
52,27,IE,,55
52,28,IE,2,55
52,29,IE,2,22
52,40,IE,,16
52,43,IE,,11
52,45,IE,,26
52,46,IE,,16
52,47,IE,,15
52,60,IE,,55
52,67,IE,,46
53,1,IE,,20
53,2,IE,,37
53,3,IE-UK,,9
53,5,IE-UK,,32
53,6,IE-UK,,20
53,7,IE-UK,,43
53,8,UK,,60
53,11,UK,,24
53,12,UK,,46
53,13,UK,,21
53,15,UK,,1
53,16,UK,,39
53,25,IE-UK,,8
53,26,IE-UK,,30
53,27,IE,2,22
53,28,IE,,7
53,30,IE,,56
53,40,IE,,9
53,41,IE,,14
53,44,IE,,6
53,45,IE,2,41
53,46,IE,,3
53,47,IE,,13
54,0,IE,,2
54,1,IE-UK,,18
54,6,IE-UK,,16
54,7,UK,,22
54,8,UK,,6
54,16,UK,,2
54,17,UK,,6
54,18,UK,,23
54,23,UK,,12
54,24,UK,,15
54,25,IE-UK,,7
54,26,IE-UK,,11
54,27,IE-UK,,28
54,29,IE-UK,,3
54,30,IE-UK,2,34
54,40,IE,,26
54,41,IE,,2
54,42,IE,,1
54,44,IE,,17
54,45,IE,,32
54,47,IE,,32
54,60,IE,,40
55,0,IE-UK,,30
55,1,IE-UK,,41
55,4,IE-UK,,21
55,5,IE-UK,,4
55,10,UK,,5
55,11,UK,,19
55,13,UK,,23
55,14,UK,,3
55,15,UK,,17
55,16,UK,2,28
55,17,UK,1,24
55,18,UK,,21
55,24,UK,,38
55,26,IE-UK,,4
55,27,IE-UK,,17
55,28,IE,,7
55,29,IE-UK,,36
55,32,UK,2,27
55,34,IE-UK,,38
55,36,IE,,16
55,37,IE,,10
55,40,IE,,35
55,41,IE,,12
55,42,IE,,6
55,60,IE,,55
56,0,IE-UK,,7
56,1,IE-UK,,14
56,4,UK,,10
56,5,UK,,27
56,10,UK,,2
56,11,UK,,9
56,13,UK,,27
56,14,UK,,17
56,15,UK,,24
56,16,UK,,5
56,17,UK,,4
56,20,UK,1,24
56,21,UK,1,11
56,23,UK,,37
56,24,UK,,8
56,25,UK,,5
56,26,IE-UK,,44
56,27,IE-UK,,38
56,28,IE-UK,,39
56,29,IE-UK,,34
56,32,UK,,5
56,35,IE-UK,,13
56,36,IE-UK,,12
56,37,IE,,16
56,38,IE,,48
56,39,IE,,40
56,40,IE,,2
56,41,IE,,25
56,42,IE,,11
56,49,IE,,3
56,55,IE,,32
56,60,IE,,11
57,12,UK,,8
57,13,UK,,16
57,16,UK,,11
57,17,UK,,8
57,21,UK,,37
57,23,UK,,13
57,24,UK,,14
57,25,UK,,43
57,26,IE-UK,,8
57,27,IE-UK,,45
57,28,IE-UK,,38
57,30,IE-UK,,10
57,31,UK,,11
57,32,UK,,16
57,34,IE-UK,,13
57,35,IE-UK,,32
57,36,IE-UK,2,57
57,37,IE,2,8
57,40,IE,,2
57,41,IE,,45
57,42,IE,,62
57,44,IE,,19
57,48,IE,,11
57,49,IE,,8
57,61,IE,,71
58,0,IE-UK,,34
58,1,IE-UK,,15
58,2,UK,,24
58,3,UK,,12
58,5,UK,,11
58,8,UK,,29
58,9,UK,,8
58,11,UK,,23
58,12,UK,,18
58,13,UK,,48
58,14,UK,,3
58,15,UK,,26
58,16,UK,,3
58,17,UK,,11
58,21,UK,,26
58,24,UK,,43
58,25,UK,,29
58,26,UK,,2
58,27,IE-UK,,30
58,28,IE-UK,,24
58,30,IE-UK,,2
58,31,UK,,4
58,32,IE-UK,,42
58,35,IE-UK,,44
58,36,IE,,25
58,37,IE,,13
58,38,IE,,19
58,40,IE,,1
58,41,IE,,6
58,42,IE,,7
58,44,IE,,13
58,46,IE,,15
58,47,IE,,19
58,49,IE,,36
58,50,IE,,8
58,51,IE,,3
58,56,IE,,9
58,62,IE,,9
59,1,IE-UK,,18
59,3,UK,,20
59,5,UK,,29
59,6,UK,,16
59,7,UK,1,20
59,8,UK,,20
59,9,UK,,14
59,16,UK,,12
59,17,UK,,24
59,21,UK,,21
59,24,UK,,20
59,25,UK,,12
59,26,UK,,16
59,27,IE-UK,,36
59,28,IE-UK,,56
59,32,IE-UK,,18
59,33,IE-UK,,5
59,34,IE-UK,,45
59,35,IE,,15
59,36,IE,2,44
59,37,IE,,5
59,38,IE,,23
59,39,IE,,26
59,40,IE,,3
59,41,IE,,32
59,42,IE,,34
59,44,IE,,46
59,45,IE,,13
59,46,IE,,38
59,47,IE,,78
59,48,IE,,23
59,50,IE,1,13
59,51,IE,,24
59,56,IE,,16
59,62,IE,,45
60,5,UK,,8
60,6,UK,,12
60,7,UK,,1
60,8,UK,,1
60,12,UK,,28
60,14,UK,,23
60,16,UK,,7
60,17,UK,,22
60,18,UK,,31
60,19,UK,,7
60,21,UK,,2
60,22,UK,,28
60,23,UK,,20
60,24,UK,,8
60,25,UK,,18
60,26,UK,,41
60,27,IE-UK,,2
60,28,UK,,10
60,29,IE-UK,,14
60,30,UK,,13
60,34,IE-UK,,16
60,35,IE,,6
60,36,IE,,3
60,37,IE,,55
60,38,IE,,38
60,39,IE,,11
60,40,IE,,8
60,41,IE,,2
60,42,IE,,2
60,44,IE,,2
60,46,IE,,49
60,47,IE,,24
60,48,IE,,2
60,50,IE,,10
60,51,IE,,5
60,58,IE,,6
60,59,IE,,23
60,60,IE,,53
61,3,UK,,26
61,5,UK,,7
61,6,UK,,11
61,8,UK,,26
61,9,UK,,2
61,10,UK,,27
61,14,UK,,2
61,16,UK,,7
61,17,UK,,51
61,18,UK,,39
61,23,UK,,19
61,24,UK,,8
61,25,UK,,19
61,26,UK,,42
61,30,UK,,26
61,31,UK,,15
61,34,IE-UK,,38
61,35,IE-UK,,58
61,36,IE,,19
61,38,IE,,15
61,39,IE,,27
61,40,IE,,24
61,42,IE,,6
61,43,IE,,46
61,44,IE,,43
61,45,IE,,24
61,46,IE,,26
61,47,IE,,21
61,48,IE,,1
61,49,IE,,38
61,50,IE,,35
61,51,IE,,51
61,55,IE,,28
61,57,IE,,1
61,59,IE,,5
62,0,IE-UK,,18
62,1,IE-UK,,17
62,8,UK,,2
62,9,UK,,25
62,14,UK,,32
62,24,UK,,21
62,25,UK,2,32
62,26,UK,,7
62,31,UK,,1
62,32,UK,,22
62,33,IE-UK,,4
62,34,IE-UK,,59
62,35,IE-UK,,15
62,41,IE,,9
62,42,IE,,5
62,43,IE,,22
62,44,IE,,47
62,45,IE,,13
62,48,IE,,23
62,49,IE,,21
62,50,IE,,44
62,51,IE,,34
62,52,IE,,13
62,53,IE,,27
62,56,IE,,20
62,57,IE,,32
62,58,IE,,20
62,61,IE,,89
63,0,IE-UK,,28
63,1,UK,,20
63,4,UK,,4
63,5,UK,,4
63,6,UK,,9
63,14,UK,,2
63,15,UK,,3
63,19,UK,,39
63,23,UK,,3
63,24,UK,,13
63,27,UK,,8
63,32,UK,,13
63,34,IE-UK,,13
63,35,IE-UK,,5
63,37,IE,,23
63,41,IE,,5
63,42,IE,,9
63,43,IE,,22
63,44,IE,,35
63,45,IE,,8
63,46,IE,,3
63,47,IE,,3
63,48,IE,,5
63,49,IE,,3
63,51,IE,,23
63,52,IE,,8
63,53,IE,,17
63,55,IE,,36
63,56,IE,,41
63,57,IE,,7
63,58,IE,,12
63,59,IE,,62
63,60,IE,,9
63,62,IE,,95
64,0,IE-UK,,30
64,1,IE-UK,,9
64,4,UK,,19
64,5,UK,,16
64,6,UK,,41
64,7,UK,,41
64,8,UK,,13
64,14,UK,,10
64,15,UK,,12
64,16,UK,,11
64,17,UK,,11
64,18,UK,,17
64,23,UK,,31
64,34,IE-UK,,18
64,35,IE-UK,,7
64,44,IE,,8
64,45,IE,,15
64,46,IE,,21
64,47,IE,,24
64,48,IE,,12
64,49,IE,,9
64,50,IE,,18
64,51,IE,,7
64,52,IE,,19
64,53,IE,,31
64,58,IE,,19
65,0,IE-UK,,25
65,1,IE-UK,,18
65,2,UK,,18
65,3,UK,,7
65,4,UK,,7
65,5,UK,,1
65,6,UK,1,10
65,7,UK,,20
65,8,UK,,10
65,10,UK,,34
65,11,UK,,6
65,14,UK,,27
65,16,UK,,4
65,17,UK,,4
65,18,UK,,6
65,22,UK,,37
65,23,UK,,8
65,24,UK,,2
65,25,UK,,31
65,26,UK,,29
65,27,UK,,6
65,28,UK,,2
65,30,UK,,26
65,34,IE-UK,,18
65,35,IE-UK,,7
65,42,IE,,41
65,43,IE,,23
65,44,IE,,3
65,45,IE,,5
65,46,IE,,3
65,47,IE,,4
65,48,IE,,11
65,49,IE,,8
65,50,IE,,6
65,51,IE,,15
65,52,IE,,6
65,53,IE,,10
65,55,IE,,10
65,58,IE,,7
65,60,IE,,22
65,61,IE,,12
65,62,IE,,47
66,0,IE-UK,,10
66,1,IE-UK,,7
66,3,UK,,7
66,4,UK,1,33
66,5,UK,2,3
66,7,UK,,14
66,8,UK,,41
66,10,UK,,10
66,11,UK,,38
66,13,UK,,22
66,14,UK,,3
66,15,UK,,31
66,25,UK,,12
66,26,UK,,7
66,27,UK,,12
66,28,UK,,4
66,40,IE,,25
66,42,IE,,22
66,46,IE,,23
66,48,IE,1,15
66,49,IE,,10
66,51,IE,,52
66,53,IE,,25
66,55,IE,,23
66,57,IE,,12
66,58,IE,,7
67,3,IE-UK,,28
67,4,UK,1,3
67,5,UK,,13
67,7,UK,,29
67,8,UK,,19
67,9,UK,,43
67,10,UK,,1
67,11,UK,,13
67,12,UK,,3
67,13,UK,,3
67,23,UK,,29
67,24,UK,,3
67,25,UK,,27
67,26,UK,,24
67,28,UK,,5
67,29,UK,,10
67,30,UK,,6
67,31,UK,,7
67,36,IE-UK,,16
67,37,IE-UK,,3
67,40,IE,,4
67,43,IE,,21
67,44,IE,,6
67,46,IE,,3
67,48,IE,,7
67,49,IE,,10
67,50,IE,,30
67,51,IE,,34
67,53,IE,,25
67,54,IE,,8
67,55,IE,,36
67,58,IE,,68
67,60,IE,,8
67,62,IE,,21
68,5,UK,,16
68,8,UK,,54
68,9,UK,,14
68,11,UK,,12
68,12,UK,,32
68,21,UK,,26
68,28,UK,,18
68,29,UK,,60
68,30,UK,,10
68,31,UK,,9
68,48,IE,,9
68,49,IE,,9
68,50,IE,,14
68,51,IE,,28
68,52,IE,,24
68,53,IE,1,45
68,54,IE,,28
68,60,IE,,10
68,62,IE,,27
69,2,IE-UK,,8
69,3,IE-UK,,3
69,6,IE-UK,,43
69,9,UK,,30
69,10,UK,,58
69,11,UK,,27
69,13,UK,,31
69,15,UK,,12
69,17,UK,,3
69,18,UK,,28
69,19,UK,,4
69,21,UK,,18
69,22,UK,,15
69,23,UK,,9
69,24,UK,,8
69,26,UK,,3
69,27,UK,,10
69,30,UK,,36
69,31,UK,,19
69,37,IE-UK,,8
69,38,IE-UK,,12
69,39,IE-UK,,16
69,40,IE-UK,,1
69,41,IE,,13
69,42,IE,,11
69,44,IE,,38
69,45,IE,,19
69,47,IE,,25
69,52,IE,,15
69,53,IE,,3
69,57,IE,,19
69,58,IE,,10
70,2,IE-UK,,34
70,3,IE-UK,,14
70,5,IE-UK,,4
70,6,IE-UK,,11
70,7,IE-UK,,12
70,8,IE-UK,,53
70,12,UK,,32
70,14,UK,,15
70,15,UK,,10
70,17,UK,,2
70,18,UK,,22
70,19,UK,,3
70,21,UK,,44
70,22,UK,,12
70,23,UK,,7
70,24,UK,,8
70,25,UK,,44
70,26,UK,,12
70,27,UK,,8
70,28,UK,,1
70,29,UK,,3
70,30,UK,,13
70,34,UK,,21
70,35,UK,,9
70,37,UK,,17
70,38,IE-UK,,29
70,39,IE-UK,,13
70,40,IE-UK,,1
70,41,IE-UK,,10
70,42,IE-UK,,9
70,43,IE-UK,,3
70,44,IE-UK,,28
70,46,IE,,5
70,47,IE,,2
70,52,IE,,12
70,53,IE,,31
70,54,IE,,2
70,55,IE,,1
70,56,IE,,24
70,60,IE,,20
70,61,IE,,20
70,62,IE,,20
71,2,IE-UK,,21
71,3,IE-UK,,8
71,5,IE-UK,,27
71,6,IE-UK,2,24
71,7,IE-UK,2,65
71,14,UK,,18
71,19,UK,,7
71,20,UK,,18
71,21,UK,,22
71,23,UK,,12
71,25,UK,,18
71,26,UK,,10
71,27,UK,,17
71,28,UK,,15
71,29,UK,,35
71,30,UK,,2
71,33,UK,,2
71,34,UK,,27
71,35,UK,,5
71,36,UK,,12
71,37,UK,,2
71,38,UK,,20
71,39,IE-UK,1,1
71,43,IE-UK,,24
71,44,IE-UK,,7
71,46,IE,1,32
71,47,IE,,16
71,52,IE,,60
71,53,IE,,94
71,54,IE,,16
71,55,IE,,47
72,6,IE-UK,,11
72,7,IE-UK,,42
72,12,UK,,2
72,13,UK,,4
72,14,UK,,8
72,19,UK,,31
72,20,UK,,8
72,21,UK,,18
72,23,UK,,5
72,27,UK,,8
72,28,UK,,2
72,29,UK,,8
72,30,UK,,1
72,33,UK,,1
72,35,UK,,2
72,36,UK,,6
72,37,UK,,7
72,39,UK,,4
72,40,UK,,4
72,48,IE,,8
72,50,IE,,22
72,51,IE,,9
72,58,IE,,51
73,1,IE,,4
73,2,IE,,21
73,5,IE,,25
73,7,IE,,12
73,8,IE-UK,,11
73,10,IE-UK,,5
73,11,UK,,20
73,12,UK,,6
73,13,UK,,12
73,14,UK,,29
73,16,UK,,21
73,21,UK,,24
73,26,UK,,4
73,27,UK,,37
73,28,UK,,14
73,29,UK,,15
73,30,UK,,10
73,31,UK,,11
73,37,UK,,18
73,39,UK,,25
73,40,UK,,23
73,46,IE-UK,,12
73,47,IE-UK,,15
73,48,IE-UK,,24
73,52,IE,,25
73,56,IE,,39
73,57,IE,,17
74,1,IE,,1
74,2,IE,,35
74,3,IE,,19
74,4,IE,,19
74,5,IE,,6
74,6,IE,,27
74,7,IE,,35
74,8,IE,,33
74,10,IE-UK,,5
74,11,IE-UK,,5
74,14,UK,,7
74,16,UK,,19
74,17,UK,,11
74,18,UK,,9
74,19,UK,,9
74,20,UK,,23
74,21,UK,,13
74,22,UK,,5
74,26,UK,,1
74,29,UK,,13
74,30,UK,,35
74,31,UK,,31
74,39,UK,,8
74,40,UK,,7
74,46,IE-UK,,3
74,47,IE-UK,,3
74,51,IE,,29
74,52,IE,,45
74,53,IE,,9
74,55,IE,,24
74,61,IE,,18
74,62,IE,,31
75,0,IE,,29
75,2,IE,,13
75,3,IE,,5
75,7,IE,,36
75,8,IE,,36
75,9,IE-UK,,27
75,10,IE-UK,,38
75,11,IE-UK,,21
75,17,UK,,2
75,18,UK,,14
75,21,UK,,22
75,22,UK,,9
75,25,UK,,18
75,26,UK,,10
75,27,UK,,17
75,28,UK,,13
75,29,UK,,16
75,33,UK,,16
75,39,UK,,8
75,40,UK,,7
75,44,UK,,31
75,45,UK,,12
75,51,IE,,34
75,52,IE,,45
75,53,IE,,32
75,62,IE,,46
76,0,IE,,2
76,7,IE,,1
76,8,IE,,1
76,10,IE-UK,,2
76,11,IE-UK,,1
76,14,UK,,7
76,15,UK,,8
76,21,UK,,9
76,22,UK,,14
76,25,UK,,1
76,26,UK,,6
76,27,UK,,19
76,31,UK,,1
76,32,UK,,25
76,33,UK,,1
76,39,UK,,10
76,44,UK,,2
76,45,UK,,1
76,48,IE-UK,,9
76,49,IE-UK,,25
76,51,IE,,26
76,52,IE,,19
76,53,IE,,25
76,54,IE,,10
76,58,IE,,4
76,59,IE,,15
76,60,IE,,4
76,61,IE,,18
76,62,IE,,28
77,2,IE,1,8
77,3,IE,,3
77,4,IE,,31
77,5,IE,,19
77,6,IE,,50
77,7,IE,,29
77,8,IE,,31
77,10,IE-UK,,36
77,11,IE-UK,,25
77,12,IE-UK,,40
77,13,IE-UK,,26
77,14,UK,,12
77,15,UK,,9
77,16,UK,,32
77,17,UK,,2
77,20,UK,,1
77,29,UK,,2
77,30,UK,,2
77,39,UK,,47
77,42,UK,,35
77,48,IE-UK,,9
77,49,IE-UK,,29
77,50,IE,,26
77,51,IE,,25
77,53,IE,,54
77,54,IE,,10
77,58,IE,,4
77,59,IE,,15
77,60,IE,,14
77,61,IE,,34
77,62,IE,,77
78,0,IE,,16
78,5,IE,,11
78,6,IE,,58
78,7,IE,,27
78,8,IE,,8
78,9,IE-UK,,11
78,10,IE-UK,,6
78,14,UK,,30
78,15,UK,,1
78,16,UK,,24
78,17,UK,,24
78,19,UK,,7
78,20,UK,,18
78,29,UK,,24
78,30,UK,,24
78,31,UK,,17
78,36,UK,,13
78,37,UK,,3
78,39,UK,,15
78,41,UK,,12
78,42,UK,,26
78,51,IE,,4
78,53,IE,,32
78,54,IE,,8
78,60,IE,,26
78,62,IE,,46
79,0,IE,,13
79,1,IE,,3
79,5,IE,,10
79,6,IE,,51
79,7,IE-UK,,17
79,8,IE-UK,,5
79,9,IE-UK,,7
79,10,IE-UK,,4
79,18,UK,,4
79,19,UK,,2
79,25,UK,,5
79,31,UK,,10
79,36,UK,,8
79,37,UK,,2
79,39,UK,,47
79,40,UK,,12
79,41,UK,,12
79,42,UK,,26
79,43,UK,,23
79,46,UK,,13
79,47,UK,,15
79,48,IE-UK,,12
79,49,IE-UK,,28
79,51,IE,,36
79,52,IE,,6
79,53,IE,,17
79,63,IE,,43
79,66,IE,,61
80,0,IE-UK,,16
80,1,IE-UK,,11
80,4,IE-UK,,21
80,5,IE-UK,,21
80,6,IE-UK,1,25
80,13,UK,,19
80,14,UK,,2
80,15,UK,,21
80,16,UK,,18
80,18,UK,2,18
80,19,UK,,13
80,20,UK,,16
80,24,UK,,2
80,25,UK,,20
80,40,UK,,2
80,41,UK,,22
80,42,UK,,20
80,44,UK,,8
80,45,UK,,15
80,48,UK,,96
80,50,IE,,67
80,65,IE,,85
80,66,IE,,56
81,3,IE-UK,,9
81,4,IE-UK,,7
81,5,IE-UK,,42
81,6,IE-UK,,8
81,7,IE-UK,,20
81,8,IE-UK,,19
81,13,UK,,6
81,14,UK,,1
81,15,UK,,7
81,16,UK,,6
81,19,UK,,2
81,20,UK,,5
81,24,UK,,1
81,25,UK,,8
81,26,UK,,1
81,27,UK,,5
81,30,UK,,49
81,36,UK,,7
81,37,UK,,7
81,44,UK,,3
81,45,UK,,5
81,47,UK,,1
81,51,IE,1,39
81,53,IE,,12
81,54,IE,,18
81,61,IE,,7
81,62,IE,,1
81,65,IE,,48
82,3,IE-UK,,20
82,5,IE-UK,,19
82,6,IE-UK,,28
82,7,IE-UK,,11
82,8,UK,,10
82,24,UK,,2
82,25,UK,,38
82,26,UK,,14
82,27,UK,,12
82,31,UK,,27
82,35,UK,,5
82,36,UK,,14
82,37,UK,,16
82,41,UK,,22
82,42,UK,,17
82,43,UK,,17
82,47,UK,,4
82,52,IE,,17
82,53,IE,,26
82,61,IE,,15
82,62,IE,,2
82,65,IE,,25
83,0,UK,,11
83,5,UK,,2
83,6,UK,,3
83,10,UK,,2
83,11,UK,,26
83,12,UK,,6
83,14,UK,,7
83,15,UK,,22
83,16,UK,,27
83,19,UK,,4
83,20,UK,,22
83,21,UK,,2
83,25,UK,,3
83,26,UK,,2
83,28,UK,,5
83,29,UK,,49
83,38,UK,,27
83,39,UK,,1
83,41,UK,,3
83,42,UK,2,31
83,46,UK,,70
83,53,IE,,15
83,54,IE,,6
83,58,IE,,10
83,64,IE,,27
84,0,UK,,14
84,10,UK,,3
84,11,UK,,10
84,14,UK,,9
84,15,UK,,27
84,19,UK,,5
84,20,UK,,28
84,21,UK,,3
84,28,UK,,6
84,29,UK,2,46
84,37,UK,,17
84,38,UK,,19
84,42,UK,,27
84,46,UK,,76
84,53,IE,,44
84,54,IE,,56
84,55,IE,,1
84,58,IE,,48
84,63,IE,,3
85,3,UK,,3
85,4,UK,,28
85,5,UK,,4
85,6,UK,,22
85,7,UK,,1
85,11,UK,,21
85,12,UK,,6
85,13,UK,,32
85,14,UK,,4
85,17,UK,,3
85,18,UK,,34
85,19,UK,,11
85,20,UK,,11
85,26,UK,,15
85,28,UK,,23
85,29,UK,,20
85,36,UK,,13
85,37,UK,,3
85,39,UK,,31
85,43,UK,,14
85,45,UK,,16
85,46,UK,,97
85,53,IE,,26
85,55,IE,,10
85,56,IE,,12
85,57,IE,,45
85,58,IE,,21
85,61,IE,,53
85,62,IE,,92
85,63,IE,,95
86,3,UK,,3
86,4,UK,,7
86,13,UK,,3
86,14,UK,,26
86,19,UK,,3
86,20,UK,,8
86,22,UK,,4
86,25,UK,,3
86,26,UK,,13
86,27,UK,,24
86,28,UK,,3
86,37,UK,,12
86,38,UK,,4
86,39,UK,,23
86,42,UK,,3
86,43,UK,,11
86,45,UK,,13
86,46,UK,,11
86,55,IE,,7
86,56,IE,,10
86,57,IE,,39
86,58,IE,,16
86,59,IE,,20
86,60,IE,,59
87,3,UK,,18
87,4,UK,,17
87,5,UK,,3
87,13,UK,,21
87,14,UK,,2
87,22,UK,,27
87,23,UK,,1
87,25,UK,,20
87,26,UK,,11
87,33,UK,,38
87,37,UK,,38
87,38,UK,,49
87,39,UK,,2
87,57,IE,,9
87,58,IE,,5
87,59,IE,,56
88,3,UK,,8
88,4,UK,,7
88,5,UK,,12
88,6,UK,,16
88,9,UK,,5
88,10,UK,,28
88,11,UK,,5
88,16,UK,,20
88,17,UK,,9
88,23,UK,,16
88,24,UK,,17
88,25,UK,,22
88,32,UK,,6
88,33,UK,,15
88,37,UK,,34
88,38,UK,,9
88,40,UK,,1
88,41,UK,,8
88,44,UK,,9
88,45,UK,,18
88,46,UK,,42
88,49,UK,,21
88,54,IE,,16
88,55,IE,,9
88,57,IE,,28
88,58,IE,,57
89,3,UK,,5
89,4,UK,,15
89,7,UK,,10
89,8,UK,,9
89,9,UK,,14
89,10,UK,,11
89,11,UK,,32
89,12,UK,,5
89,15,UK,,1
89,16,UK,,22
89,19,UK,,22
89,30,UK,,10
89,31,UK,,36
89,32,UK,,16
89,33,UK,,41
89,40,UK,,2
89,41,UK,,23
89,46,UK,,19
89,51,UK,,99
89,54,IE-UK,,98
89,55,IE,,27
90,3,UK,,1
90,4,UK,,27
90,5,UK,,17
90,6,UK,,19
90,7,UK,,9
90,8,UK,,8
90,9,UK,,16
90,10,UK,,15
90,11,UK,,30
90,12,UK,,1
90,13,UK,,10
90,14,UK,,25
90,16,UK,,9
90,19,UK,,5
90,20,UK,,21
90,21,UK,,4
90,24,UK,,27
90,30,UK,,2
90,31,UK,,8
90,33,UK,,6
90,40,UK,,3
90,41,UK,,29
90,47,UK,,1
90,48,UK,,35
90,49,UK,,13
90,52,UK,,16
90,55,IE,,9
91,7,UK,,10
91,8,UK,,9
91,12,UK,,38
91,13,UK,,33
91,14,UK,,14
91,15,UK,,14
91,16,UK,,15
91,21,UK,,9
91,22,UK,,13
91,25,UK,,17
91,26,UK,,38
91,27,UK,,29
91,28,UK,,8
91,35,UK,,7
91,36,UK,,18
91,39,UK,,19
91,40,UK,,50
91,49,UK,,21
91,55,IE,,18
91,56,IE,,15
92,0,UK,,10
92,1,UK,,7
92,2,UK,,43
92,12,UK,,2
92,13,UK,,1
92,14,UK,,15
92,15,UK,,1
92,21,UK,,1
92,22,UK,,1
92,23,UK,,7
92,24,UK,,7
92,25,UK,,1
92,26,UK,,2
92,27,UK,,2
92,28,UK,,1
92,29,UK,,24
92,30,UK,,3
92,31,UK,,27
92,38,UK,,26
92,39,UK,,2
92,40,UK,,5
92,42,UK,,11
92,45,UK,,23
92,46,UK,,13
92,47,UK,,45
92,51,UK,,70
93,0,UK,,10
93,1,UK,,3
93,2,UK,,33
93,3,UK,,7
93,13,UK,,1
93,14,UK,,14
93,17,UK,,9
93,22,UK,,2
93,23,UK,,8
93,24,UK,,7
93,33,UK,,5
93,34,UK,,27
93,35,UK,,30
93,39,UK,,2
93,40,UK,,4
93,41,UK,,47
93,43,UK,2,37
93,44,UK,,50
93,45,UK,2,24
93,47,UK,,19
93,48,UK,1,27
93,49,UK,,7
93,50,UK,,3
93,51,UK,,53
94,8,UK,,19
94,12,UK,,5
94,13,UK,,11
94,17,UK,,14
94,21,UK,,19
94,22,UK,,27
94,23,UK,,13
94,24,UK,,13
94,25,UK,,15
94,33,UK,,3
94,34,UK,,19
94,39,UK,,25
94,44,UK,,29
94,45,UK,,21
94,46,UK,2,17
94,47,UK,,17
94,49,UK,,7
94,50,UK,,58
95,3,UK,,1
95,4,UK,,4
95,8,UK,,11
95,21,UK,,25
95,22,UK,,14
95,24,UK,,1
95,25,UK,,9
95,26,UK,,1
95,27,UK,,4
95,28,UK,,10
95,29,UK,,19
95,40,UK,1,29
95,44,UK,,24
95,47,UK,,28
95,49,UK,,2
95,50,UK,,9
96,3,UK,,5
96,4,UK,,15
96,21,UK,,19
96,26,UK,,5
96,27,UK,,19
96,31,UK,,12
96,33,UK,,17
97,28,UK,,10
97,29,UK,,42
97,30,UK,,13
97,31,UK,,5
97,32,UK,,32
97,33,UK,,6
97,35,UK,,31
97,37,UK,,8
97,39,UK,,13
97,40,UK,,4
97,42,UK,,27
97,43,UK,,7
97,51,UK,,71
98,6,UK,,17
98,7,UK,,1
98,8,UK,,2
98,9,UK,,22
98,10,UK,,6
98,11,UK,,40
98,27,UK,,21
98,28,UK,,6
98,30,UK,,22
98,37,UK,,16
98,38,UK,,15
98,39,UK,,29
98,40,UK,,9
98,42,UK,,9
98,43,UK,,34
98,47,UK,1,18
98,51,UK,,45
99,1,UK,,29
99,6,UK,,2
99,9,UK,,16
99,10,UK,,13
99,11,UK,,24
99,23,UK,,9
99,24,UK,,9
99,27,UK,,3
99,28,UK,,1
99,32,UK,,17
99,33,UK,,6
99,35,UK,,13
99,37,UK,,18
99,38,UK,,15
99,39,UK,,1
99,42,UK,,1
99,43,UK,,3
99,44,UK,,8
99,45,UK,,16
99,47,UK,,2
99,51,UK,,3
100,8,UK,,20
100,9,UK,,26
100,31,UK,,1
100,32,UK,,61
100,33,UK,,18
100,35,UK,,16
100,38,UK,,43
100,39,UK,,2
100,42,UK,,7
100,43,UK,,24
100,44,UK,,10
100,45,UK,,19
101,2,UK,,18
101,3,UK,,7
101,6,UK,,14
101,7,UK,,1
101,14,UK,,24
101,27,UK,,30
101,28,UK,,9
101,31,UK,,22
101,37,UK,,12
101,38,UK,,18
101,40,UK,,27
101,46,UK,,11
101,47,UK,,12
101,51,UK,,45
102,4,UK,,20
102,5,UK,,4
102,6,UK,,10
102,7,UK,,2
102,8,UK,,29
102,27,UK,,9
102,28,UK,,3
102,30,UK,,20
102,32,UK,,20
102,33,UK,,14
102,40,UK,,3
102,45,UK,,4
102,47,UK,,1
102,48,UK,,29
102,51,UK,,12
103,6,UK,,17
103,7,UK,,13
103,8,UK,,11
103,23,UK,,9
103,24,UK,,9
103,33,UK,,2
103,34,UK,,13
103,40,UK,,18
103,45,UK,,24
103,46,UK,,3
103,48,UK,,13
103,49,UK,,24
104,6,UK,,7
104,9,UK,,20
104,10,UK,,24
104,11,UK,,39
104,12,UK,,39
104,15,UK,,7
104,23,UK,,26
104,24,UK,,43
104,25,UK,,28
104,28,UK,,24
104,33,UK,,1
104,34,UK,,6
104,35,UK,,29
104,36,UK,,6
104,37,UK,,1
104,47,UK,,1
104,48,UK,,41
104,49,UK,,14
104,52,UK,,27
105,10,UK,,23
105,14,UK,,19
105,15,UK,,20
105,23,UK,,23
105,24,UK,,1
105,25,UK,,16
105,35,UK,,22
105,36,UK,,16
105,37,UK,,3
105,48,UK,,12
105,49,UK,,8
105,53,UK,,66
106,2,UK,,6
106,3,UK,,3
106,5,UK,,29
106,7,UK,,14
106,8,UK,,13
106,14,UK,,4
106,19,UK,,3
106,20,UK,,7
106,21,UK,,3
106,22,UK,,35
106,23,UK,,1
106,26,UK,,5
106,27,UK,,17
106,30,UK,,11
106,31,UK,,13
106,43,UK,,21
106,44,UK,,6
106,46,UK,,4
106,47,UK,,5
106,50,UK,,20
106,51,UK,,8
106,52,UK,,34
107,2,UK,,10
107,3,UK,,4
107,10,UK,,17
107,12,UK,,8
107,13,UK,,15
107,19,UK,,4
107,20,UK,,12
107,21,UK,,30
107,22,UK,,7
107,23,UK,,24
107,26,UK,,4
107,27,UK,,37
107,28,UK,,6
107,41,UK,,17
107,42,UK,,9
107,43,UK,,20
107,44,UK,,6
107,46,UK,,7
107,47,UK,,8
107,122,UK,,22
107,125,UK,,59
108,4,UK,,10
108,5,UK,,2
108,7,UK,,15
108,8,UK,,16
108,9,UK,,24
108,10,UK,,13
108,12,UK,,21
108,13,UK,,10
108,14,UK,,1
108,17,UK,,22
108,21,UK,,14
108,23,UK,,1
108,25,UK,,9
108,26,UK,,5
108,27,UK,,12
108,28,UK,,3
108,32,UK,,12
108,35,UK,,14
108,41,UK,,1
108,42,UK,,1
108,43,UK,,25
108,44,UK,,12
108,45,UK,,10
108,46,UK,,7
108,47,UK,,42
108,51,UK,,29
108,121,UK,,5
109,1,UK,,2
109,3,UK,,2
109,4,UK,,10
109,5,UK,,2
109,10,UK,,13
109,11,UK,,2
109,12,UK,,20
109,13,UK,,9
109,14,UK,,1
109,21,UK,,26
109,24,UK,,3
109,25,UK,,32
109,26,UK,,5
109,27,UK,,30
109,28,UK,,9
109,31,UK,,24
109,32,UK,,11
109,34,UK,,17
109,35,UK,,21
109,41,UK,,2
109,42,UK,,1
109,43,UK,,3
109,44,UK,,5
109,45,UK,,9
109,46,UK,,7
109,47,UK,,40
109,48,UK,,20
109,49,UK,,14
109,50,UK,,2
109,51,UK,,31
109,123,UK,,6
109,125,UK,,7
110,1,UK,,21
110,3,UK,,41
110,9,UK,,6
110,10,UK,,9
110,11,UK,,21
110,14,UK,,18
110,16,UK,,7
110,17,UK,,5
110,18,UK,,12
110,19,UK,,24
110,20,UK,,12
110,21,UK,,2
110,24,UK,,16
110,27,UK,,16
110,28,UK,,5
110,34,UK,,14
110,35,UK,,5
110,37,UK,,5
110,38,UK,,8
110,48,UK,,16
110,49,UK,,15
110,50,UK,,23
110,76,UK,,36
110,123,UK,,75
110,125,UK,,88
111,3,UK,,11
111,6,UK,,21
111,7,UK,,6
111,10,UK,,1
111,11,UK,,19
111,12,UK,,5
111,13,UK,,2
111,14,UK,,11
111,16,UK,,4
111,17,UK,,3
111,18,UK,,7
111,19,UK,,40
111,20,UK,,7
111,21,UK,,1
111,22,UK,,3
111,23,UK,,25
111,26,UK,,25
111,30,UK,,4
111,32,UK,,12
111,33,UK,,9
111,37,UK,,3
111,45,UK,,18
111,48,UK,,6
111,49,UK,,7
111,50,UK,,32
111,76,UK,,68
111,77,UK,,28
111,78,UK,,57
111,79,UK,,63
112,5,UK,,9
112,6,UK,,13
112,7,UK,,21
112,10,UK,,5
112,11,UK,,18
112,12,UK,,10
112,13,UK,,19
112,14,UK,,8
112,15,UK,,9
112,19,UK,,3
112,20,UK,,9
112,22,UK,,14
112,23,UK,,1
112,24,UK,,21
112,30,UK,,17
112,33,UK,,29
112,45,UK,,11
112,47,UK,,22
112,48,UK,,25
112,77,UK,,38
112,80,UK,,50
112,123,UK,,62
112,124,UK,,79
113,1,UK,,23
113,2,UK,,17
113,3,UK,,7
113,4,UK,,20
113,5,UK,,29
113,6,UK,,4
113,8,UK,,1
113,9,UK,,13
113,10,UK,,5
113,11,UK,,40
113,12,UK,,40
113,13,UK,,19
113,14,UK,,21
113,15,UK,,46
113,16,UK,,9
113,19,UK,,3
113,20,UK,,9
113,23,UK,,8
113,24,UK,,7
113,26,UK,,1
113,27,UK,,5
113,30,UK,,3
113,31,UK,,4
113,32,UK,,17
113,33,UK,,25
113,38,UK,,60
113,39,UK,,1
113,47,UK,,50
113,78,UK,,63
113,80,UK,,5
113,82,UK,,21
113,83,UK,,61
114,1,UK,,3
114,2,UK,,19
114,7,UK,,24
114,8,UK,,1
114,9,UK,,27
114,10,UK,,10
114,11,UK,,27
114,12,UK,,43
114,13,UK,,7
114,14,UK,,17
114,15,UK,,8
114,16,UK,1,43
114,19,UK,,26
114,20,UK,,13
114,21,UK,,9
114,22,UK,,14
114,23,UK,,16
114,26,UK,,3
114,27,UK,,10
114,30,UK,,7
114,31,UK,,8
114,38,UK,,38
114,41,UK,,13
114,54,UK,,89
114,79,UK,,22
114,85,UK,,53
114,124,UK,,20
115,2,UK,,2
115,7,UK,,14
115,8,UK,,10
115,12,UK,,2
115,14,UK,,1
115,15,UK,,25
115,16,UK,,32
115,19,UK,,3
115,21,UK,,1
115,22,UK,,2
115,25,UK,,8
115,30,UK,,7
115,33,UK,,25
115,38,UK,,34
115,39,UK,,1
115,41,UK,,2
115,42,UK,,1
115,46,UK,,29
115,49,UK,,37
115,53,UK,,66
115,71,UK,,18
115,79,UK,,75
115,85,UK,,22
116,15,UK,,4
116,17,UK,,50
116,18,UK,,27
116,25,UK,,29
116,29,UK,,9
116,30,UK,,9
116,33,UK,,5
116,34,UK,,26
116,39,UK,,1
116,40,UK,,2
116,41,UK,,1
116,42,UK,,33
116,43,UK,,24
116,126,UK,,43
117,6,UK,,19
117,7,UK,,1
117,18,UK,,66
117,20,UK,,44
117,21,UK,,9
117,24,UK,,2
117,25,UK,,21
117,31,UK,,36
117,32,UK,,10
117,33,UK,,26
117,35,UK,,60
117,39,UK,,86
117,42,UK,,21
117,47,UK,,64
117,70,UK,,97
117,72,UK,,64
117,73,UK,,88
117,81,UK,,67
117,86,UK,,100
118,1,UK,,4
118,2,UK,,23
118,8,UK,,4
118,10,UK,,1
118,11,UK,,3
118,15,UK,,19
118,19,UK,,13
118,20,UK,,13
118,21,UK,,11
118,22,UK,,13
118,24,UK,,2
118,25,UK,,19
118,26,UK,,4
118,27,UK,,3
118,28,UK,,1
118,33,UK,,23
118,37,UK,,39
118,38,UK,,12
118,39,UK,,100
118,44,UK,,46
118,45,UK,,22
118,72,UK,,23
118,78,UK,,3
118,79,UK,,49
118,81,UK,,18
118,127,UK,,46
119,0,UK,,16
119,1,UK,,19
119,2,UK,,15
119,3,UK,,5
119,4,UK,,13
119,7,UK,,11
119,8,UK,,35
119,9,UK,,18
119,10,UK,,4
119,11,UK,,17
119,12,UK,,6
119,13,UK,,12
119,16,UK,,96
119,19,UK,,47
119,20,UK,,17
119,21,UK,,3
119,26,UK,,26
119,27,UK,,18
119,28,UK,,24
119,33,UK,,84
119,72,UK,,42
119,77,UK,,18
119,78,UK,,22
120,0,UK,,34
120,1,UK,,34
120,2,UK,,25
120,3,UK,,10
120,4,UK,1,6
120,7,UK,,5
120,8,UK,,5
120,9,UK,,8
120,12,UK,,3
120,13,UK,,5
120,14,UK,,38
120,16,UK,,96
120,19,UK,,47
120,23,UK,,20
120,25,UK,,6
120,26,UK,,3
120,28,UK,,15
120,79,UK,,1
120,80,UK,,29
120,81,UK,,1
121,1,UK,,36
121,15,UK,,21
121,16,UK,,96
121,19,UK,,53
121,20,UK,,16
121,23,UK,,33
121,24,UK,,7
121,26,UK,,39
121,71,UK,,92
121,81,UK,,2
121,82,UK,,13
121,111,UK,,82
122,6,UK,,37
122,7,UK,,88
122,10,UK,,14
122,12,UK,,8
122,13,UK,,44
122,14,UK,,33
122,15,UK,,8
122,20,UK,,3
122,23,UK,,7
122,24,UK,,11
122,26,UK,,37
122,87,UK,,83
122,92,UK,,83
122,93,UK,,29
122,111,UK,,96
123,0,UK,,100
123,10,UK,,23
123,15,UK,,4
123,20,UK,,72
123,26,UK,,34
123,83,UK,,10
123,95,UK,,2
123,96,UK,,100
123,111,UK,,67
124,0,UK,,38
124,1,UK,,1
124,2,UK,,82
124,9,UK,,5
124,13,UK,,26
124,14,UK,,3
124,15,UK,,2
124,22,UK,,84
124,23,UK,,84
124,24,UK,,84
124,73,UK,,19
124,83,UK,,12
124,84,UK,,9
124,85,UK,,55
124,96,UK,,8
125,0,UK,,11
125,3,UK,,14
125,4,UK,,81
125,5,UK,,80
125,6,UK,,79
125,7,UK,,33
125,12,UK,,7
125,13,UK,,15
125,14,UK,,1
125,15,UK,,4
125,84,UK,,6
125,96,UK,,25
125,97,UK,,41
125,108,UK,,3
126,4,UK,,18
126,5,UK,,4
126,10,UK,,16
126,14,UK,,13
126,15,UK,,85
126,108,UK,,50
126,109,UK,,16
127,2,UK,,18
127,7,UK,,60
127,9,UK,,19
127,10,UK,,42
127,11,UK,,33
127,12,UK,,33
127,13,UK,,33
127,14,UK,,71
127,109,UK,,9
127,110,UK,,10
