x,y,CNTR_ID,TOT_P,avg_time_nearest_ep,avg_time_nearest_h
21,105,IS,88,NA,NA
21,106,IS,41,NA,NA
21,107,IS,0,NA,NA
21,117,IS,6,NA,NA
21,118,IS,0,NA,NA
21,119,IS,0,NA,NA
22,105,IS,3307,NA,NA
22,106,IS,9026,NA,NA
22,107,IS,11944,NA,NA
22,108,IS,119,NA,NA
22,116,IS,20,NA,NA
22,117,IS,99,NA,NA
22,118,IS,1049,NA,NA
22,119,IS,427,NA,NA
23,106,IS,1247,NA,NA
23,117,IS,44,NA,NA
23,118,IS,0,NA,NA
23,126,IS,0,NA,NA
24,106,IS,23,NA,NA
24,116,IS,0,NA,NA
24,117,IS,841,NA,NA
24,118,IS,0,NA,NA
24,125,IS,0,NA,NA
24,126,IS,0,NA,NA
25,105,IS,118,NA,NA
25,106,IS,44317,NA,NA
25,107,IS,7329,NA,NA
25,116,IS,0,NA,NA
25,117,IS,0,NA,NA
25,118,IS,37,NA,NA
25,124,IS,0,NA,NA
25,125,IS,598,NA,NA
25,126,IS,85,NA,NA
26,102,IS,21,NA,NA
26,103,IS,1035,NA,NA
26,105,IS,49,NA,NA
26,106,IS,123980,NA,NA
26,107,IS,34509,NA,NA
26,108,IS,18,NA,NA
26,109,IS,7376,NA,NA
26,111,IS,0,NA,NA
26,112,IS,66,NA,NA
26,113,IS,0,NA,NA
26,115,IS,0,NA,NA
26,116,IS,0,NA,NA
26,124,IS,0,NA,NA
26,125,IS,245,NA,NA
27,103,IS,631,NA,NA
27,104,IS,435,NA,NA
27,105,IS,0,NA,NA
27,106,IS,10465,NA,NA
27,107,IS,1436,NA,NA
27,108,IS,141,NA,NA
27,109,IS,351,NA,NA
27,110,IS,15,NA,NA
27,111,IS,27,NA,NA
27,112,IS,0,NA,NA
27,113,IS,0,NA,NA
27,114,IS,0,NA,NA
27,115,IS,0,NA,NA
27,116,IS,0,NA,NA
27,117,IS,67,NA,NA
27,118,IS,1170,NA,NA
27,123,IS,7,NA,NA
27,125,IS,226,NA,NA
27,126,IS,17,NA,NA
28,101,IS,254,NA,NA
28,102,IS,3162,NA,NA
28,103,IS,505,NA,NA
28,104,IS,2456,NA,NA
28,105,IS,0,NA,NA
28,106,IS,0,NA,NA
28,107,IS,0,NA,NA
28,108,IS,115,NA,NA
28,109,IS,64,NA,NA
28,110,IS,4,NA,NA
28,111,IS,2061,NA,NA
28,112,IS,24,NA,NA
28,113,IS,10,NA,NA
28,115,IS,0,NA,NA
28,121,IS,9,NA,NA
28,123,IS,92,NA,NA
28,124,IS,0,NA,NA
28,126,IS,0,NA,NA
28,127,IS,22,NA,NA
29,96,IS,4287,NA,NA
29,100,IS,234,NA,NA
29,101,IS,0,NA,NA
29,102,IS,5128,NA,NA
29,103,IS,2803,NA,NA
29,104,IS,0,NA,NA
29,105,IS,0,NA,NA
29,106,IS,0,NA,NA
29,107,IS,18,NA,NA
29,108,IS,72,NA,NA
29,109,IS,0,NA,NA
29,110,IS,1016,NA,NA
29,111,IS,30,NA,NA
29,112,IS,0,NA,NA
29,113,IS,0,NA,NA
29,116,IS,0,NA,NA
29,118,IS,0,NA,NA
29,123,IS,0,NA,NA
29,125,IS,0,NA,NA
29,127,IS,313,NA,NA
30,97,IS,0,NA,NA
30,98,IS,280,NA,NA
30,99,IS,240,NA,NA
30,100,IS,0,NA,NA
30,101,IS,351,NA,NA
30,102,IS,4,NA,NA
30,103,IS,0,NA,NA
30,104,IS,0,NA,NA
30,105,IS,0,NA,NA
30,106,IS,0,NA,NA
30,108,IS,0,NA,NA
30,109,IS,0,NA,NA
30,110,IS,60,NA,NA
30,111,IS,208,NA,NA
30,119,IS,0,NA,NA
30,125,IS,11,NA,NA
31,97,IS,68,NA,NA
31,98,IS,82,NA,NA
31,99,IS,1105,NA,NA
31,100,IS,900,NA,NA
31,101,IS,50,NA,NA
31,102,IS,33,NA,NA
31,103,IS,0,NA,NA
31,104,IS,0,NA,NA
31,105,IS,192,NA,NA
31,110,IS,63,NA,NA
31,111,IS,111,NA,NA
31,112,IS,75,NA,NA
31,113,IS,0,NA,NA
31,114,IS,86,NA,NA
31,115,IS,134,NA,NA
31,116,IS,273,NA,NA
31,119,IS,0,NA,NA
31,120,IS,81,NA,NA
31,121,IS,114,NA,NA
31,124,IS,11,NA,NA
31,127,IS,10,NA,NA
32,96,IS,0,NA,NA
32,97,IS,43,NA,NA
32,98,IS,24,NA,NA
32,99,IS,10,NA,NA
32,100,IS,60,NA,NA
32,101,IS,0,NA,NA
32,102,IS,0,NA,NA
32,103,IS,190,NA,NA
32,104,IS,0,NA,NA
32,105,IS,0,NA,NA
32,110,IS,13,NA,NA
32,111,IS,122,NA,NA
32,114,IS,51,NA,NA
32,115,IS,71,NA,NA
32,116,IS,29,NA,NA
32,117,IS,0,NA,NA
32,118,IS,0,NA,NA
32,119,IS,26,NA,NA
32,120,IS,74,NA,NA
32,124,IS,0,NA,NA
32,125,IS,0,NA,NA
32,127,IS,0,NA,NA
33,95,IS,8,NA,NA
33,98,IS,0,NA,NA
33,101,IS,7,NA,NA
33,102,IS,0,NA,NA
33,103,IS,581,NA,NA
33,104,IS,3,NA,NA
33,105,IS,0,NA,NA
33,110,IS,39,NA,NA
33,112,IS,6,NA,NA
33,119,IS,0,NA,NA
33,120,IS,0,NA,NA
33,124,IS,0,NA,NA
33,125,IS,0,NA,NA
33,126,IS,0,NA,NA
34,93,IS,0,NA,NA
34,94,IS,0,NA,NA
34,97,IS,0,NA,NA
34,101,IS,0,NA,NA
34,102,IS,0,NA,NA
34,104,IS,0,NA,NA
34,114,IS,3,NA,NA
34,115,IS,0,NA,NA
34,116,IS,0,NA,NA
34,118,IS,0,NA,NA
34,119,IS,0,NA,NA
34,120,IS,0,NA,NA
34,126,IS,0,NA,NA
34,127,IS,0,NA,NA
35,93,IS,601,NA,NA
35,101,IS,0,NA,NA
35,102,IS,0,NA,NA
35,104,IS,0,NA,NA
35,115,IS,49,NA,NA
35,116,IS,299,NA,NA
35,117,IS,3,NA,NA
35,118,IS,0,NA,NA
35,119,IS,0,NA,NA
35,120,IS,0,NA,NA
35,121,IS,124,NA,NA
35,122,IS,322,NA,NA
35,123,IS,0,NA,NA
36,93,IS,34,NA,NA
36,98,IS,0,NA,NA
36,99,IS,0,NA,NA
36,100,IS,0,NA,NA
36,101,IS,0,NA,NA
36,103,IS,0,NA,NA
36,114,IS,0,NA,NA
36,115,IS,0,NA,NA
36,116,IS,283,NA,NA
36,117,IS,589,NA,NA
36,120,IS,0,NA,NA
36,121,IS,83,NA,NA
36,122,IS,0,NA,NA
37,97,IS,0,NA,NA
37,100,IS,0,NA,NA
37,102,IS,20,NA,NA
37,111,IS,0,NA,NA
37,112,IS,0,NA,NA
37,116,IS,0,NA,NA
37,117,IS,0,NA,NA
37,118,IS,0,NA,NA
37,119,IS,0,NA,NA
37,124,IS,0,NA,NA
37,125,IS,43,NA,NA
38,93,IS,0,NA,NA
38,94,IS,0,NA,NA
38,95,IS,0,NA,NA
38,96,IS,286,NA,NA
38,102,IS,92,NA,NA
38,111,IS,0,NA,NA
38,112,IS,0,NA,NA
38,116,IS,0,NA,NA
38,117,IS,0,NA,NA
38,118,IS,0,NA,NA
38,124,IS,0,NA,NA
39,93,IS,0,NA,NA
39,95,IS,0,NA,NA
39,96,IS,82,NA,NA
39,101,IS,62,NA,NA
39,112,IS,0,NA,NA
39,114,IS,0,NA,NA
39,115,IS,140,NA,NA
39,116,IS,0,NA,NA
39,117,IS,0,NA,NA
39,118,IS,0,NA,NA
39,119,IS,0,NA,NA
40,93,IS,0,NA,NA
40,96,IS,0,NA,NA
40,113,IS,0,NA,NA
40,116,IS,0,NA,NA
40,117,IS,35,NA,NA
40,118,IS,680,NA,NA
40,119,IS,0,NA,NA
41,94,IS,0,NA,NA
41,95,IS,196,NA,NA
41,97,IS,0,NA,NA
41,98,IS,0,NA,NA
41,115,IS,123,NA,NA
41,116,IS,0,NA,NA
41,117,IS,18,NA,NA
41,118,IS,265,NA,NA
41,119,IS,54,NA,NA
41,120,IS,543,NA,NA
41,121,IS,0,NA,NA
42,115,IS,0,NA,NA
42,116,IS,0,NA,NA
42,120,IS,0,NA,NA
42,121,IS,0,NA,NA
42,122,IS,0,NA,NA
42,123,IS,0,NA,NA
43,114,IS,0,NA,NA
43,115,IS,90,NA,NA
43,116,IS,456,NA,NA
43,117,IS,39,NA,NA
43,118,IS,611,NA,NA
43,119,IS,0,NA,NA
43,120,IS,0,NA,NA
43,121,IS,0,NA,NA
43,123,IS,0,NA,NA
44,111,IS,0,NA,NA
44,112,IS,0,NA,NA
44,113,IS,0,NA,NA
44,114,IS,0,NA,NA
44,115,IS,0,NA,NA
44,116,IS,143,NA,NA
44,117,IS,61,NA,NA
44,118,IS,1975,NA,NA
44,119,IS,0,NA,NA
44,121,IS,0,NA,NA
45,114,IS,0,NA,NA
45,117,IS,0,NA,NA
45,118,IS,70,NA,NA
45,119,IS,172,NA,NA
45,120,IS,24,NA,NA
46,117,IS,451,NA,NA
46,119,IS,0,NA,NA
46,120,IS,0,NA,NA
47,93,IS,0,NA,NA
47,114,IS,0,NA,NA
47,115,IS,0,NA,NA
47,118,IS,0,NA,NA
47,120,IS,0,NA,NA
48,93,IS,0,NA,NA
48,112,IS,0,NA,NA
48,113,IS,6,NA,NA
48,114,IS,713,NA,NA
48,115,IS,0,NA,NA
48,117,IS,0,NA,NA
48,118,IS,4,NA,NA
48,120,IS,72,NA,NA
48,121,IS,123,NA,NA
49,113,IS,0,NA,NA
49,114,IS,1319,NA,NA
49,115,IS,702,NA,NA
49,116,IS,0,NA,NA
49,117,IS,1,NA,NA
49,118,IS,1558,NA,NA
49,119,IS,823,NA,NA
49,120,IS,0,NA,NA
49,121,IS,1061,NA,NA
50,113,IS,0,NA,NA
50,114,IS,10182,NA,NA
50,115,IS,7949,NA,NA
50,116,IS,0,NA,NA
50,117,IS,106,NA,NA
50,118,IS,370,NA,NA
50,119,IS,0,NA,NA
51,94,IS,0,NA,NA
51,95,IS,0,NA,NA
51,114,IS,0,NA,NA
51,115,IS,0,NA,NA
51,116,IS,0,NA,NA
51,117,IS,298,NA,NA
52,95,IS,0,NA,NA
52,113,IS,0,NA,NA
52,114,IS,0,NA,NA
52,115,IS,0,NA,NA
53,95,IS,0,NA,NA
53,113,IS,6,NA,NA
53,114,IS,121,NA,NA
53,115,IS,0,NA,NA
53,116,IS,0,NA,NA
54,95,IS,0,NA,NA
54,111,IS,52,NA,NA
54,112,IS,171,NA,NA
54,114,IS,0,NA,NA
54,115,IS,793,NA,NA
54,117,IS,774,NA,NA
54,123,IS,71,NA,NA
55,95,IS,0,NA,NA
55,96,IS,0,NA,NA
55,112,IS,281,NA,NA
55,116,IS,0,NA,NA
55,117,IS,1840,NA,NA
55,118,IS,0,NA,NA
56,95,IS,2156,NA,NA
56,118,IS,0,NA,NA
57,94,IS,0,NA,NA
57,114,IS,0,NA,NA
57,116,IS,0,NA,NA
57,117,IS,0,NA,NA
58,95,IS,0,NA,NA
58,96,IS,0,NA,NA
58,104,IS,0,NA,NA
58,111,IS,0,NA,NA
59,95,IS,0,NA,NA
59,96,IS,0,NA,NA
59,104,IS,0,NA,NA
59,117,IS,0,NA,NA
59,118,IS,124,NA,NA
60,95,IS,0,NA,NA
60,96,IS,0,NA,NA
60,97,IS,0,NA,NA
60,102,IS,47,NA,NA
60,103,IS,99,NA,NA
60,104,IS,0,NA,NA
60,105,IS,45,NA,NA
60,106,IS,23,NA,NA
60,116,IS,0,NA,NA
60,118,IS,0,NA,NA
61,97,IS,0,NA,NA
61,99,IS,0,NA,NA
61,101,IS,0,NA,NA
61,103,IS,79,NA,NA
61,105,IS,0,NA,NA
61,106,IS,29,NA,NA
61,116,IS,0,NA,NA
61,117,IS,0,NA,NA
61,120,IS,0,NA,NA
62,97,IS,389,NA,NA
62,98,IS,0,NA,NA
62,99,IS,17,NA,NA
62,100,IS,0,NA,NA
62,102,IS,10,NA,NA
62,103,IS,0,NA,NA
62,108,IS,11,NA,NA
62,109,IS,32,NA,NA
62,115,IS,0,NA,NA
62,116,IS,0,NA,NA
62,117,IS,0,NA,NA
62,118,IS,0,NA,NA
62,119,IS,201,NA,NA
63,98,IS,244,NA,NA
63,100,IS,58,NA,NA
63,101,IS,955,NA,NA
63,103,IS,14,NA,NA
63,104,IS,0,NA,NA
63,106,IS,89,NA,NA
63,108,IS,16,NA,NA
63,109,IS,95,NA,NA
63,110,IS,0,NA,NA
63,114,IS,36,NA,NA
63,115,IS,87,NA,NA
64,98,IS,185,NA,NA
64,99,IS,32,NA,NA
64,100,IS,785,NA,NA
64,101,IS,486,NA,NA
64,102,IS,0,NA,NA
64,104,IS,3192,NA,NA
64,105,IS,0,NA,NA
64,106,IS,0,NA,NA
64,109,IS,0,NA,NA
64,110,IS,506,NA,NA
64,114,IS,0,NA,NA
64,115,IS,363,NA,NA
65,99,IS,29,NA,NA
65,100,IS,24,NA,NA
65,101,IS,872,NA,NA
65,103,IS,678,NA,NA
65,106,IS,0,NA,NA
65,108,IS,0,NA,NA
65,109,IS,0,NA,NA
65,112,IS,66,NA,NA
65,113,IS,0,NA,NA
66,101,IS,1525,NA,NA
66,102,IS,0,NA,NA
66,103,IS,0,NA,NA
67,104,IS,0,NA,NA
67,105,IS,0,NA,NA
67,106,IS,109,NA,NA
68,106,IS,0,NA,NA
70,4,UK,72,NA,NA
70,5,UK,754,NA,NA
71,5,UK,462,NA,NA
71,6,UK,176,NA,NA
71,7,UK,86,NA,NA
72,5,UK,8,NA,NA
72,6,UK,270,NA,NA
72,7,UK,614,NA,NA
72,8,UK,268,NA,NA
72,9,UK,471,NA,NA
72,10,UK,1004,NA,NA
72,11,UK,218,NA,NA
72,12,UK,120,NA,NA
73,8,UK,5,NA,NA
73,9,UK,184,NA,NA
73,10,UK,368,NA,NA
73,11,UK,315,NA,NA
73,12,UK,213,NA,NA
74,0,UK,0,NA,NA
74,11,UK,134,NA,NA
74,12,UK,249,NA,NA
75,0,UK,134,NA,NA
75,12,UK,17,NA,NA
75,13,UK,306,NA,NA
75,15,UK,0,NA,NA
76,4,UK,0,NA,NA
76,8,UK,0,NA,NA
76,9,UK,269,NA,NA
76,12,UK,18,NA,NA
76,13,UK,163,NA,NA
76,14,UK,96,NA,NA
76,15,UK,70,NA,NA
76,16,UK,0,NA,NA
76,17,UK,139,NA,NA
76,18,UK,0,NA,NA
77,0,UK,0,NA,NA
77,1,UK,34,NA,NA
77,7,UK,148,NA,NA
77,8,UK,682,NA,NA
77,9,UK,233,NA,NA
77,10,UK,172,NA,NA
77,13,UK,390,NA,NA
77,14,UK,772,NA,NA
77,15,UK,33,NA,NA
77,16,UK,10,NA,NA
77,17,UK,181,NA,NA
77,18,UK,141,NA,NA
78,0,UK,232,NA,NA
78,2,UK,102,NA,NA
78,3,UK,0,NA,NA
78,4,UK,27,NA,NA
78,5,UK,2,NA,NA
78,6,UK,61,NA,NA
78,7,UK,501,NA,NA
78,8,UK,17,NA,NA
78,9,UK,602,NA,NA
78,10,UK,78,NA,NA
78,14,UK,0,NA,NA
78,15,UK,34,NA,NA
78,16,UK,93,NA,NA
78,17,UK,562,NA,NA
78,18,UK,487,NA,NA
79,0,UK,77,NA,NA
79,3,UK,50,NA,NA
79,5,UK,167,NA,NA
79,6,UK,2,NA,NA
79,7,UK,331,NA,NA
79,8,UK,3073,NA,NA
79,9,UK,282,NA,NA
79,10,UK,621,NA,NA
79,11,UK,234,NA,NA
79,15,UK,302,NA,NA
79,16,UK,762,NA,NA
79,17,UK,18,NA,NA
79,18,UK,820,NA,NA
79,19,UK,0,NA,NA
80,0,UK,468,NA,NA
80,1,UK,74,NA,NA
80,2,UK,666,NA,NA
80,3,UK,896,NA,NA
80,4,UK,473,NA,NA
80,5,UK,850,NA,NA
80,6,UK,139,NA,NA
80,7,UK,167,NA,NA
80,8,UK,4,NA,NA
80,9,UK,23,NA,NA
80,10,UK,248,NA,NA
80,15,UK,68,NA,NA
80,16,UK,799,NA,NA
80,17,UK,7094,NA,NA
80,18,UK,479,NA,NA
80,19,UK,475,NA,NA
81,0,UK,16,NA,NA
81,1,UK,163,NA,NA
81,2,UK,50,NA,NA
81,3,UK,117,NA,NA
81,4,UK,194,NA,NA
81,5,UK,498,NA,NA
81,6,UK,290,NA,NA
81,7,UK,140,NA,NA
81,8,UK,42,NA,NA
81,9,UK,4,NA,NA
81,16,UK,1125,NA,NA
81,17,UK,3015,NA,NA
81,18,UK,486,NA,NA
81,19,UK,397,NA,NA
82,1,UK,107,NA,NA
82,2,UK,0,NA,NA
82,3,UK,3,NA,NA
82,4,UK,71,NA,NA
82,5,UK,302,NA,NA
82,6,UK,1691,NA,NA
82,7,UK,0,NA,NA
82,8,UK,24,NA,NA
82,9,UK,13,NA,NA
82,10,UK,135,NA,NA
82,11,UK,110,NA,NA
82,12,UK,26,NA,NA
82,17,UK,128,NA,NA
82,18,UK,3,NA,NA
82,19,UK,551,NA,NA
82,20,UK,266,NA,NA
83,0,UK,113,NA,NA
83,1,UK,0,NA,NA
83,3,UK,2,NA,NA
83,4,UK,4,NA,NA
83,5,UK,535,NA,NA
83,6,UK,278,NA,NA
83,7,UK,788,NA,NA
83,8,UK,261,NA,NA
83,9,UK,45,NA,NA
83,10,UK,311,NA,NA
83,11,UK,839,NA,NA
83,12,UK,43,NA,NA
84,0,UK,10933,NA,NA
84,1,UK,0,NA,NA
84,2,UK,0,NA,NA
84,4,UK,0,NA,NA
84,5,UK,9,NA,NA
84,6,UK,0,NA,NA
84,7,UK,92,NA,NA
84,8,UK,8,NA,NA
84,10,UK,12,NA,NA
84,11,UK,104,NA,NA
84,12,UK,673,NA,NA
85,0,UK,706,NA,NA
85,1,UK,247,NA,NA
85,2,UK,20,NA,NA
85,3,UK,6,NA,NA
85,6,UK,3,NA,NA
85,8,UK,2,NA,NA
85,9,UK,93,NA,NA
85,11,UK,7,NA,NA
85,12,UK,189,NA,NA
85,13,UK,44,NA,NA
85,14,UK,73,NA,NA
86,0,UK,580,NA,NA
86,1,UK,11,NA,NA
86,2,UK,327,NA,NA
86,3,UK,20,NA,NA
86,4,UK,0,NA,NA
86,5,UK,3,NA,NA
86,6,UK,3,NA,NA
86,7,UK,0,NA,NA
86,8,UK,37,NA,NA
86,11,UK,119,NA,NA
86,12,UK,1605,NA,NA
86,13,UK,113,NA,NA
86,14,UK,160,NA,NA
86,15,UK,446,NA,NA
86,16,UK,36,NA,NA
87,0,UK,36,NA,NA
87,2,UK,79,NA,NA
87,3,UK,921,NA,NA
87,4,UK,0,NA,NA
87,5,UK,397,NA,NA
87,6,UK,35,NA,NA
87,7,UK,99,NA,NA
87,8,UK,19,NA,NA
87,9,UK,7,NA,NA
87,10,UK,35,NA,NA
87,11,UK,215,NA,NA
87,12,UK,67,NA,NA
87,13,UK,68,NA,NA
87,14,UK,38,NA,NA
87,15,UK,171,NA,NA
87,16,UK,36,NA,NA
87,17,UK,70,NA,NA
88,1,UK,0,NA,NA
88,3,UK,58,NA,NA
88,4,UK,140,NA,NA
88,5,UK,499,NA,NA
88,6,UK,133,NA,NA
88,7,UK,52,NA,NA
88,8,UK,226,NA,NA
88,9,UK,6,NA,NA
88,13,UK,9,NA,NA
88,14,UK,21,NA,NA
88,15,UK,49,NA,NA
88,16,UK,10,NA,NA
88,17,UK,125,NA,NA
88,18,UK,304,NA,NA
89,0,UK,96,NA,NA
89,1,UK,132,NA,NA
89,3,UK,169,NA,NA
89,4,UK,644,NA,NA
89,5,UK,1650,NA,NA
89,6,UK,4077,NA,NA
89,7,UK,3123,NA,NA
89,8,UK,733,NA,NA
89,9,UK,44,NA,NA
89,11,UK,22,NA,NA
89,12,UK,18,NA,NA
89,13,UK,6,NA,NA
89,14,UK,0,NA,NA
89,15,UK,12,NA,NA
89,16,UK,19,NA,NA
89,17,UK,80,NA,NA
89,18,UK,12,NA,NA
90,0,UK,0,NA,NA
90,1,UK,873,NA,NA
90,2,UK,0,NA,NA
90,3,UK,0,NA,NA
90,4,UK,132,NA,NA
90,5,UK,614,NA,NA
90,6,UK,2616,NA,NA
90,7,UK,9862,NA,NA
90,8,UK,4249,NA,NA
90,9,UK,59,NA,NA
90,10,UK,0,NA,NA
90,11,UK,69,NA,NA
90,12,UK,229,NA,NA
90,14,UK,5,NA,NA
90,17,UK,14,NA,NA
90,18,UK,301,NA,NA
90,19,UK,3,NA,NA
91,0,UK,0,NA,NA
91,1,UK,2167,NA,NA
91,2,UK,22,NA,NA
91,3,UK,32,NA,NA
91,4,UK,62,NA,NA
91,5,UK,965,NA,NA
91,6,UK,64132,NA,NA
91,7,UK,2778,NA,NA
91,8,UK,8283,NA,NA
91,9,UK,415,NA,NA
91,10,UK,215,NA,NA
91,11,UK,1030,NA,NA
91,12,UK,805,NA,NA
91,13,UK,130,NA,NA
91,14,UK,4,NA,NA
91,15,UK,26,NA,NA
91,17,UK,18,NA,NA
91,18,UK,0,NA,NA
92,0,UK,0,NA,NA
92,1,UK,40,NA,NA
92,2,UK,1011,NA,NA
92,3,UK,0,NA,NA
92,4,UK,530,NA,NA
92,5,UK,144,NA,NA
92,6,UK,3268,NA,NA
92,7,UK,4231,NA,NA
92,8,UK,5544,NA,NA
92,9,UK,2262,NA,NA
92,10,UK,780,NA,NA
92,11,UK,129,NA,NA
92,12,UK,186,NA,NA
92,13,UK,0,NA,NA
92,14,UK,2,NA,NA
92,15,UK,2,NA,NA
92,16,UK,3,NA,NA
92,17,UK,193,NA,NA
92,18,UK,122,NA,NA
93,0,UK,0,NA,NA
93,1,UK,0,NA,NA
93,2,UK,3353,NA,NA
93,3,UK,1692,NA,NA
93,4,UK,6,NA,NA
93,5,UK,20,NA,NA
93,6,UK,1526,NA,NA
93,7,UK,10911,NA,NA
93,8,UK,220,NA,NA
93,9,UK,5694,NA,NA
93,10,UK,2065,NA,NA
93,11,UK,1719,NA,NA
93,12,UK,167,NA,NA
93,16,UK,47,NA,NA
93,17,UK,310,NA,NA
93,18,UK,27,NA,NA
94,0,UK,53,NA,NA
94,1,UK,0,NA,NA
94,2,UK,0,NA,NA
94,3,UK,1411,NA,NA
94,4,UK,2745,NA,NA
94,5,UK,135,NA,NA
94,6,UK,715,NA,NA
94,7,UK,881,NA,NA
94,9,UK,716,NA,NA
94,10,UK,0,NA,NA
94,11,UK,1661,NA,NA
94,12,UK,97,NA,NA
94,13,UK,2,NA,NA
94,14,UK,69,NA,NA
94,15,UK,2,NA,NA
94,17,UK,193,NA,NA
94,18,UK,6,NA,NA
95,0,UK,522,NA,NA
95,1,UK,0,NA,NA
95,2,UK,279,NA,NA
95,3,UK,374,NA,NA
95,4,UK,398,NA,NA
95,5,UK,0,NA,NA
95,6,UK,862,NA,NA
95,7,UK,14498,NA,NA
95,12,UK,340,NA,NA
95,13,UK,13,NA,NA
95,14,UK,46,NA,NA
95,15,UK,0,NA,NA
95,16,UK,87,NA,NA
95,17,UK,319,NA,NA
95,18,UK,84,NA,NA
96,0,UK,253,NA,NA
96,1,UK,56,NA,NA
96,2,UK,16,NA,NA
96,3,UK,406,NA,NA
96,4,UK,583,NA,NA
96,5,UK,889,NA,NA
96,6,UK,516,NA,NA
96,7,UK,9413,NA,NA
96,8,UK,2793,NA,NA
96,12,UK,470,NA,NA
96,13,UK,39,NA,NA
96,14,UK,4,NA,NA
96,15,UK,11,NA,NA
96,17,UK,499,NA,NA
96,18,UK,0,NA,NA
97,0,UK,1706,NA,NA
97,1,UK,222,NA,NA
97,2,UK,260,NA,NA
97,3,UK,2,NA,NA
97,4,UK,2353,NA,NA
97,5,UK,3469,NA,NA
97,6,UK,1863,NA,NA
97,7,UK,26959,NA,NA
97,8,UK,1913,NA,NA
97,13,UK,420,NA,NA
97,14,UK,225,NA,NA
97,15,UK,26,NA,NA
97,16,UK,1369,NA,NA
97,17,UK,8375,NA,NA
97,18,UK,189,NA,NA
98,0,UK,2688,NA,NA
98,1,UK,1424,NA,NA
98,2,UK,678,NA,NA
98,3,UK,127,NA,NA
98,4,UK,302,NA,NA
98,5,UK,5739,NA,NA
98,6,UK,4001,NA,NA
98,7,UK,2366,NA,NA
98,14,UK,907,NA,NA
98,15,UK,35,NA,NA
98,16,UK,981,NA,NA
98,17,UK,1768,NA,NA
98,18,UK,18,NA,NA
99,0,UK,3904,NA,NA
99,1,UK,1834,NA,NA
99,2,UK,3065,NA,NA
99,3,UK,1458,NA,NA
99,4,UK,5344,NA,NA
99,5,UK,1403,NA,NA
99,6,UK,794,NA,NA
99,7,UK,11867,NA,NA
99,14,UK,248,NA,NA
99,15,UK,1984,NA,NA
99,16,UK,611,NA,NA
99,17,UK,562,NA,NA
99,18,UK,256,NA,NA
99,19,UK,66,NA,NA
99,20,UK,36,NA,NA
99,21,UK,1750,NA,NA
99,22,UK,69,NA,NA
99,23,UK,0,NA,NA
100,0,UK,1324,NA,NA
100,1,UK,2480,NA,NA
100,2,UK,1573,NA,NA
100,3,UK,4225,NA,NA
100,4,UK,1072,NA,NA
100,5,UK,2179,NA,NA
100,6,UK,3330,NA,NA
100,7,UK,1248,NA,NA
100,15,UK,6100,NA,NA
100,16,UK,278,NA,NA
100,17,UK,572,NA,NA
100,18,UK,0,NA,NA
100,19,UK,307,NA,NA
100,20,UK,149,NA,NA
100,21,UK,1448,NA,NA
100,22,UK,1809,NA,NA
100,23,UK,630,NA,NA
101,0,UK,6578,NA,NA
101,1,UK,11598,NA,NA
101,2,UK,16647,NA,NA
101,3,UK,3092,NA,NA
101,4,UK,1321,NA,NA
101,5,UK,6230,NA,NA
101,6,UK,10353,NA,NA
101,18,UK,69,NA,NA
101,19,UK,1260,NA,NA
101,20,UK,331,NA,NA
101,21,UK,8832,NA,NA
101,22,UK,736,NA,NA
101,23,UK,329,NA,NA
102,0,UK,98832,NA,NA
102,1,UK,13823,NA,NA
102,2,UK,5061,NA,NA
102,3,UK,3673,NA,NA
102,4,UK,1263,NA,NA
102,5,UK,2112,NA,NA
102,6,UK,1080,NA,NA
102,19,UK,51,NA,NA
102,20,UK,969,NA,NA
102,21,UK,1329,NA,NA
102,22,UK,225,NA,NA
102,23,UK,160,NA,NA
102,24,UK,218,NA,NA
102,25,UK,331,NA,NA
103,0,UK,116867,NA,NA
103,1,UK,10879,NA,NA
103,2,UK,14141,NA,NA
103,3,UK,1546,NA,NA
103,4,UK,2918,NA,NA
103,5,UK,1884,NA,NA
103,6,UK,583,NA,NA
103,20,UK,94,NA,NA
103,22,UK,45,NA,NA
103,23,UK,160,NA,NA
103,24,UK,3,NA,NA
103,25,UK,78,NA,NA
104,2,UK,2231,NA,NA
104,3,UK,1879,NA,NA
104,4,UK,6927,NA,NA
104,5,UK,2764,NA,NA
104,6,UK,15570,NA,NA
104,21,UK,0,NA,NA
104,22,UK,268,NA,NA
104,23,UK,154,NA,NA
104,24,UK,246,NA,NA
105,2,UK,44,NA,NA
105,3,UK,5504,NA,NA
105,4,UK,18978,NA,NA
105,5,UK,2170,NA,NA
105,6,UK,1399,NA,NA
105,24,UK,97,NA,NA
105,25,UK,69,NA,NA
109,33,UK,50,NA,NA
110,26,UK,65,NA,NA
111,33,UK,149,NA,NA
111,34,UK,166,NA,NA
112,29,UK,281,NA,NA
112,30,UK,199,NA,NA
112,31,UK,0,NA,NA
112,32,UK,0,NA,NA
112,33,UK,714,NA,NA
112,34,UK,32,NA,NA
112,36,UK,66,NA,NA
113,29,UK,131,NA,NA
113,30,UK,1481,NA,NA
113,31,UK,1431,NA,NA
113,32,UK,2971,NA,NA
113,33,UK,1296,NA,NA
113,34,UK,482,NA,NA
113,35,UK,1104,NA,NA
113,36,UK,435,NA,NA
114,32,UK,7150,NA,NA
114,33,UK,691,NA,NA
114,34,UK,751,NA,NA
114,35,UK,535,NA,NA
114,36,UK,91,NA,NA
114,37,UK,196,NA,NA
115,32,UK,0,NA,NA
115,34,UK,1035,NA,NA
115,36,UK,269,NA,NA
115,37,UK,311,NA,NA
115,38,UK,37,NA,NA
116,35,UK,77,NA,NA
116,37,UK,62,NA,NA
116,38,UK,444,NA,NA
116,39,UK,136,NA,NA
117,38,UK,40,NA,NA
117,39,UK,210,NA,NA
